iter	Logloss
0	0.6667786204
1	0.6576362247
2	0.6522357155
3	0.6506184996
4	0.6494934597
5	0.64615997
6	0.6422942658
7	0.6385977759
8	0.6359540182
9	0.6339384544
